,0
0,http://api.openweathermap.org/data/2.5/weather?appid=2b23996cbfdcde1bace853758d300998&units=imperial&q=klaksvik
1,http://api.openweathermap.org/data/2.5/weather?appid=2b23996cbfdcde1bace853758d300998&units=imperial&q=hithadhoo
2,http://api.openweathermap.org/data/2.5/weather?appid=2b23996cbfdcde1bace853758d300998&units=imperial&q=san andres
3,http://api.openweathermap.org/data/2.5/weather?appid=2b23996cbfdcde1bace853758d300998&units=imperial&q=mgandu
4,http://api.openweathermap.org/data/2.5/weather?appid=2b23996cbfdcde1bace853758d300998&units=imperial&q=kodiak
5,http://api.openweathermap.org/data/2.5/weather?appid=2b23996cbfdcde1bace853758d300998&units=imperial&q=talnakh
6,http://api.openweathermap.org/data/2.5/weather?appid=2b23996cbfdcde1bace853758d300998&units=imperial&q=nanortalik
7,http://api.openweathermap.org/data/2.5/weather?appid=2b23996cbfdcde1bace853758d300998&units=imperial&q=hermanus
8,http://api.openweathermap.org/data/2.5/weather?appid=2b23996cbfdcde1bace853758d300998&units=imperial&q=eureka
9,http://api.openweathermap.org/data/2.5/weather?appid=2b23996cbfdcde1bace853758d300998&units=imperial&q=pimenta bueno
10,http://api.openweathermap.org/data/2.5/weather?appid=2b23996cbfdcde1bace853758d300998&units=imperial&q=soavinandriana
11,http://api.openweathermap.org/data/2.5/weather?appid=2b23996cbfdcde1bace853758d300998&units=imperial&q=esperance
12,http://api.openweathermap.org/data/2.5/weather?appid=2b23996cbfdcde1bace853758d300998&units=imperial&q=iqaluit
13,http://api.openweathermap.org/data/2.5/weather?appid=2b23996cbfdcde1bace853758d300998&units=imperial&q=bluff
14,http://api.openweathermap.org/data/2.5/weather?appid=2b23996cbfdcde1bace853758d300998&units=imperial&q=castro
15,http://api.openweathermap.org/data/2.5/weather?appid=2b23996cbfdcde1bace853758d300998&units=imperial&q=dikson
16,http://api.openweathermap.org/data/2.5/weather?appid=2b23996cbfdcde1bace853758d300998&units=imperial&q=lompoc
17,http://api.openweathermap.org/data/2.5/weather?appid=2b23996cbfdcde1bace853758d300998&units=imperial&q=new norfolk
18,http://api.openweathermap.org/data/2.5/weather?appid=2b23996cbfdcde1bace853758d300998&units=imperial&q=pithora
19,http://api.openweathermap.org/data/2.5/weather?appid=2b23996cbfdcde1bace853758d300998&units=imperial&q=pisco
20,http://api.openweathermap.org/data/2.5/weather?appid=2b23996cbfdcde1bace853758d300998&units=imperial&q=nikolskoye
21,http://api.openweathermap.org/data/2.5/weather?appid=2b23996cbfdcde1bace853758d300998&units=imperial&q=mataura
22,http://api.openweathermap.org/data/2.5/weather?appid=2b23996cbfdcde1bace853758d300998&units=imperial&q=jalu
23,http://api.openweathermap.org/data/2.5/weather?appid=2b23996cbfdcde1bace853758d300998&units=imperial&q=cape town
24,http://api.openweathermap.org/data/2.5/weather?appid=2b23996cbfdcde1bace853758d300998&units=imperial&q=ust-ilimsk
25,http://api.openweathermap.org/data/2.5/weather?appid=2b23996cbfdcde1bace853758d300998&units=imperial&q=yulara
26,http://api.openweathermap.org/data/2.5/weather?appid=2b23996cbfdcde1bace853758d300998&units=imperial&q=east london
27,http://api.openweathermap.org/data/2.5/weather?appid=2b23996cbfdcde1bace853758d300998&units=imperial&q=rikitea
28,http://api.openweathermap.org/data/2.5/weather?appid=2b23996cbfdcde1bace853758d300998&units=imperial&q=tuktoyaktuk
29,http://api.openweathermap.org/data/2.5/weather?appid=2b23996cbfdcde1bace853758d300998&units=imperial&q=totness
30,http://api.openweathermap.org/data/2.5/weather?appid=2b23996cbfdcde1bace853758d300998&units=imperial&q=tasiilaq
31,http://api.openweathermap.org/data/2.5/weather?appid=2b23996cbfdcde1bace853758d300998&units=imperial&q=vaini
32,http://api.openweathermap.org/data/2.5/weather?appid=2b23996cbfdcde1bace853758d300998&units=imperial&q=ribeira grande
33,http://api.openweathermap.org/data/2.5/weather?appid=2b23996cbfdcde1bace853758d300998&units=imperial&q=gamba
34,http://api.openweathermap.org/data/2.5/weather?appid=2b23996cbfdcde1bace853758d300998&units=imperial&q=bredasdorp
35,http://api.openweathermap.org/data/2.5/weather?appid=2b23996cbfdcde1bace853758d300998&units=imperial&q=mount isa
36,http://api.openweathermap.org/data/2.5/weather?appid=2b23996cbfdcde1bace853758d300998&units=imperial&q=lebu
37,http://api.openweathermap.org/data/2.5/weather?appid=2b23996cbfdcde1bace853758d300998&units=imperial&q=kabare
38,http://api.openweathermap.org/data/2.5/weather?appid=2b23996cbfdcde1bace853758d300998&units=imperial&q=torbay
39,http://api.openweathermap.org/data/2.5/weather?appid=2b23996cbfdcde1bace853758d300998&units=imperial&q=punta arenas
40,http://api.openweathermap.org/data/2.5/weather?appid=2b23996cbfdcde1bace853758d300998&units=imperial&q=tuatapere
41,http://api.openweathermap.org/data/2.5/weather?appid=2b23996cbfdcde1bace853758d300998&units=imperial&q=jamestown
42,http://api.openweathermap.org/data/2.5/weather?appid=2b23996cbfdcde1bace853758d300998&units=imperial&q=nizwa
43,http://api.openweathermap.org/data/2.5/weather?appid=2b23996cbfdcde1bace853758d300998&units=imperial&q=butaritari
44,http://api.openweathermap.org/data/2.5/weather?appid=2b23996cbfdcde1bace853758d300998&units=imperial&q=lorengau
45,http://api.openweathermap.org/data/2.5/weather?appid=2b23996cbfdcde1bace853758d300998&units=imperial&q=diamantina
46,http://api.openweathermap.org/data/2.5/weather?appid=2b23996cbfdcde1bace853758d300998&units=imperial&q=mandurah
47,http://api.openweathermap.org/data/2.5/weather?appid=2b23996cbfdcde1bace853758d300998&units=imperial&q=okhotsk
48,http://api.openweathermap.org/data/2.5/weather?appid=2b23996cbfdcde1bace853758d300998&units=imperial&q=hilo
49,http://api.openweathermap.org/data/2.5/weather?appid=2b23996cbfdcde1bace853758d300998&units=imperial&q=port maria
50,http://api.openweathermap.org/data/2.5/weather?appid=2b23996cbfdcde1bace853758d300998&units=imperial&q=port lincoln
51,http://api.openweathermap.org/data/2.5/weather?appid=2b23996cbfdcde1bace853758d300998&units=imperial&q=deputatskiy
52,http://api.openweathermap.org/data/2.5/weather?appid=2b23996cbfdcde1bace853758d300998&units=imperial&q=ushuaia
53,http://api.openweathermap.org/data/2.5/weather?appid=2b23996cbfdcde1bace853758d300998&units=imperial&q=erenhot
54,http://api.openweathermap.org/data/2.5/weather?appid=2b23996cbfdcde1bace853758d300998&units=imperial&q=carnarvon
55,http://api.openweathermap.org/data/2.5/weather?appid=2b23996cbfdcde1bace853758d300998&units=imperial&q=roebourne
56,http://api.openweathermap.org/data/2.5/weather?appid=2b23996cbfdcde1bace853758d300998&units=imperial&q=lagoa
57,http://api.openweathermap.org/data/2.5/weather?appid=2b23996cbfdcde1bace853758d300998&units=imperial&q=aksu
58,http://api.openweathermap.org/data/2.5/weather?appid=2b23996cbfdcde1bace853758d300998&units=imperial&q=grootfontein
59,http://api.openweathermap.org/data/2.5/weather?appid=2b23996cbfdcde1bace853758d300998&units=imperial&q=arraial do cabo
60,http://api.openweathermap.org/data/2.5/weather?appid=2b23996cbfdcde1bace853758d300998&units=imperial&q=ancud
61,http://api.openweathermap.org/data/2.5/weather?appid=2b23996cbfdcde1bace853758d300998&units=imperial&q=qaanaaq
62,http://api.openweathermap.org/data/2.5/weather?appid=2b23996cbfdcde1bace853758d300998&units=imperial&q=cidreira
63,http://api.openweathermap.org/data/2.5/weather?appid=2b23996cbfdcde1bace853758d300998&units=imperial&q=hobart
64,http://api.openweathermap.org/data/2.5/weather?appid=2b23996cbfdcde1bace853758d300998&units=imperial&q=bodden town
65,http://api.openweathermap.org/data/2.5/weather?appid=2b23996cbfdcde1bace853758d300998&units=imperial&q=saint-augustin
66,http://api.openweathermap.org/data/2.5/weather?appid=2b23996cbfdcde1bace853758d300998&units=imperial&q=maltahohe
67,http://api.openweathermap.org/data/2.5/weather?appid=2b23996cbfdcde1bace853758d300998&units=imperial&q=los llanos de aridane
68,http://api.openweathermap.org/data/2.5/weather?appid=2b23996cbfdcde1bace853758d300998&units=imperial&q=port elizabeth
69,http://api.openweathermap.org/data/2.5/weather?appid=2b23996cbfdcde1bace853758d300998&units=imperial&q=sioux lookout
70,http://api.openweathermap.org/data/2.5/weather?appid=2b23996cbfdcde1bace853758d300998&units=imperial&q=isangel
71,http://api.openweathermap.org/data/2.5/weather?appid=2b23996cbfdcde1bace853758d300998&units=imperial&q=verkhnyaya sinyachikha
72,http://api.openweathermap.org/data/2.5/weather?appid=2b23996cbfdcde1bace853758d300998&units=imperial&q=atuona
73,http://api.openweathermap.org/data/2.5/weather?appid=2b23996cbfdcde1bace853758d300998&units=imperial&q=kruisfontein
74,http://api.openweathermap.org/data/2.5/weather?appid=2b23996cbfdcde1bace853758d300998&units=imperial&q=belokurikha
75,http://api.openweathermap.org/data/2.5/weather?appid=2b23996cbfdcde1bace853758d300998&units=imperial&q=lianran
76,http://api.openweathermap.org/data/2.5/weather?appid=2b23996cbfdcde1bace853758d300998&units=imperial&q=ugoofaaru
77,http://api.openweathermap.org/data/2.5/weather?appid=2b23996cbfdcde1bace853758d300998&units=imperial&q=xichang
78,http://api.openweathermap.org/data/2.5/weather?appid=2b23996cbfdcde1bace853758d300998&units=imperial&q=chingirlau
79,http://api.openweathermap.org/data/2.5/weather?appid=2b23996cbfdcde1bace853758d300998&units=imperial&q=georgetown
80,http://api.openweathermap.org/data/2.5/weather?appid=2b23996cbfdcde1bace853758d300998&units=imperial&q=dargaville
81,http://api.openweathermap.org/data/2.5/weather?appid=2b23996cbfdcde1bace853758d300998&units=imperial&q=saskylakh
82,http://api.openweathermap.org/data/2.5/weather?appid=2b23996cbfdcde1bace853758d300998&units=imperial&q=port alfred
83,http://api.openweathermap.org/data/2.5/weather?appid=2b23996cbfdcde1bace853758d300998&units=imperial&q=amuntai
84,http://api.openweathermap.org/data/2.5/weather?appid=2b23996cbfdcde1bace853758d300998&units=imperial&q=kapit
85,http://api.openweathermap.org/data/2.5/weather?appid=2b23996cbfdcde1bace853758d300998&units=imperial&q=albany
86,http://api.openweathermap.org/data/2.5/weather?appid=2b23996cbfdcde1bace853758d300998&units=imperial&q=busselton
87,http://api.openweathermap.org/data/2.5/weather?appid=2b23996cbfdcde1bace853758d300998&units=imperial&q=poum
88,http://api.openweathermap.org/data/2.5/weather?appid=2b23996cbfdcde1bace853758d300998&units=imperial&q=avarua
89,http://api.openweathermap.org/data/2.5/weather?appid=2b23996cbfdcde1bace853758d300998&units=imperial&q=terrell
90,http://api.openweathermap.org/data/2.5/weather?appid=2b23996cbfdcde1bace853758d300998&units=imperial&q=tiznit
91,http://api.openweathermap.org/data/2.5/weather?appid=2b23996cbfdcde1bace853758d300998&units=imperial&q=san patricio
92,http://api.openweathermap.org/data/2.5/weather?appid=2b23996cbfdcde1bace853758d300998&units=imperial&q=cascais
93,http://api.openweathermap.org/data/2.5/weather?appid=2b23996cbfdcde1bace853758d300998&units=imperial&q=alibag
94,http://api.openweathermap.org/data/2.5/weather?appid=2b23996cbfdcde1bace853758d300998&units=imperial&q=saint-philippe
95,http://api.openweathermap.org/data/2.5/weather?appid=2b23996cbfdcde1bace853758d300998&units=imperial&q=panguna
96,http://api.openweathermap.org/data/2.5/weather?appid=2b23996cbfdcde1bace853758d300998&units=imperial&q=brae
97,http://api.openweathermap.org/data/2.5/weather?appid=2b23996cbfdcde1bace853758d300998&units=imperial&q=kapaa
98,http://api.openweathermap.org/data/2.5/weather?appid=2b23996cbfdcde1bace853758d300998&units=imperial&q=verkhnyachka
99,http://api.openweathermap.org/data/2.5/weather?appid=2b23996cbfdcde1bace853758d300998&units=imperial&q=erie
100,http://api.openweathermap.org/data/2.5/weather?appid=2b23996cbfdcde1bace853758d300998&units=imperial&q=luanda
101,http://api.openweathermap.org/data/2.5/weather?appid=2b23996cbfdcde1bace853758d300998&units=imperial&q=thompson
102,http://api.openweathermap.org/data/2.5/weather?appid=2b23996cbfdcde1bace853758d300998&units=imperial&q=leningradskiy
103,http://api.openweathermap.org/data/2.5/weather?appid=2b23996cbfdcde1bace853758d300998&units=imperial&q=pevek
104,http://api.openweathermap.org/data/2.5/weather?appid=2b23996cbfdcde1bace853758d300998&units=imperial&q=barrow
105,http://api.openweathermap.org/data/2.5/weather?appid=2b23996cbfdcde1bace853758d300998&units=imperial&q=sitka
106,http://api.openweathermap.org/data/2.5/weather?appid=2b23996cbfdcde1bace853758d300998&units=imperial&q=semey
107,http://api.openweathermap.org/data/2.5/weather?appid=2b23996cbfdcde1bace853758d300998&units=imperial&q=vao
108,http://api.openweathermap.org/data/2.5/weather?appid=2b23996cbfdcde1bace853758d300998&units=imperial&q=bilibino
109,http://api.openweathermap.org/data/2.5/weather?appid=2b23996cbfdcde1bace853758d300998&units=imperial&q=ust-karsk
110,http://api.openweathermap.org/data/2.5/weather?appid=2b23996cbfdcde1bace853758d300998&units=imperial&q=antofagasta
111,http://api.openweathermap.org/data/2.5/weather?appid=2b23996cbfdcde1bace853758d300998&units=imperial&q=hualmay
112,http://api.openweathermap.org/data/2.5/weather?appid=2b23996cbfdcde1bace853758d300998&units=imperial&q=rudnya
113,http://api.openweathermap.org/data/2.5/weather?appid=2b23996cbfdcde1bace853758d300998&units=imperial&q=halifax
114,http://api.openweathermap.org/data/2.5/weather?appid=2b23996cbfdcde1bace853758d300998&units=imperial&q=whitehorse
115,http://api.openweathermap.org/data/2.5/weather?appid=2b23996cbfdcde1bace853758d300998&units=imperial&q=mount gambier
116,http://api.openweathermap.org/data/2.5/weather?appid=2b23996cbfdcde1bace853758d300998&units=imperial&q=severo-kurilsk
117,http://api.openweathermap.org/data/2.5/weather?appid=2b23996cbfdcde1bace853758d300998&units=imperial&q=tshikapa
118,http://api.openweathermap.org/data/2.5/weather?appid=2b23996cbfdcde1bace853758d300998&units=imperial&q=taksimo
119,http://api.openweathermap.org/data/2.5/weather?appid=2b23996cbfdcde1bace853758d300998&units=imperial&q=puerto escondido
120,http://api.openweathermap.org/data/2.5/weather?appid=2b23996cbfdcde1bace853758d300998&units=imperial&q=naze
121,http://api.openweathermap.org/data/2.5/weather?appid=2b23996cbfdcde1bace853758d300998&units=imperial&q=skjervoy
122,http://api.openweathermap.org/data/2.5/weather?appid=2b23996cbfdcde1bace853758d300998&units=imperial&q=saldanha
123,http://api.openweathermap.org/data/2.5/weather?appid=2b23996cbfdcde1bace853758d300998&units=imperial&q=bullhead city
124,http://api.openweathermap.org/data/2.5/weather?appid=2b23996cbfdcde1bace853758d300998&units=imperial&q=sibolga
125,http://api.openweathermap.org/data/2.5/weather?appid=2b23996cbfdcde1bace853758d300998&units=imperial&q=ovre ardal
126,http://api.openweathermap.org/data/2.5/weather?appid=2b23996cbfdcde1bace853758d300998&units=imperial&q=lubbenau
127,http://api.openweathermap.org/data/2.5/weather?appid=2b23996cbfdcde1bace853758d300998&units=imperial&q=foam lake
128,http://api.openweathermap.org/data/2.5/weather?appid=2b23996cbfdcde1bace853758d300998&units=imperial&q=vilyuysk
129,http://api.openweathermap.org/data/2.5/weather?appid=2b23996cbfdcde1bace853758d300998&units=imperial&q=broome
130,http://api.openweathermap.org/data/2.5/weather?appid=2b23996cbfdcde1bace853758d300998&units=imperial&q=baltasi
131,http://api.openweathermap.org/data/2.5/weather?appid=2b23996cbfdcde1bace853758d300998&units=imperial&q=kukmor
132,http://api.openweathermap.org/data/2.5/weather?appid=2b23996cbfdcde1bace853758d300998&units=imperial&q=kargasok
133,http://api.openweathermap.org/data/2.5/weather?appid=2b23996cbfdcde1bace853758d300998&units=imperial&q=buala
134,http://api.openweathermap.org/data/2.5/weather?appid=2b23996cbfdcde1bace853758d300998&units=imperial&q=zyryanka
135,http://api.openweathermap.org/data/2.5/weather?appid=2b23996cbfdcde1bace853758d300998&units=imperial&q=broken hill
136,http://api.openweathermap.org/data/2.5/weather?appid=2b23996cbfdcde1bace853758d300998&units=imperial&q=pimentel
137,http://api.openweathermap.org/data/2.5/weather?appid=2b23996cbfdcde1bace853758d300998&units=imperial&q=mandal
138,http://api.openweathermap.org/data/2.5/weather?appid=2b23996cbfdcde1bace853758d300998&units=imperial&q=lashio
139,http://api.openweathermap.org/data/2.5/weather?appid=2b23996cbfdcde1bace853758d300998&units=imperial&q=cabo san lucas
140,http://api.openweathermap.org/data/2.5/weather?appid=2b23996cbfdcde1bace853758d300998&units=imperial&q=poso
141,http://api.openweathermap.org/data/2.5/weather?appid=2b23996cbfdcde1bace853758d300998&units=imperial&q=avera
142,http://api.openweathermap.org/data/2.5/weather?appid=2b23996cbfdcde1bace853758d300998&units=imperial&q=olga
143,http://api.openweathermap.org/data/2.5/weather?appid=2b23996cbfdcde1bace853758d300998&units=imperial&q=jonkoping
144,http://api.openweathermap.org/data/2.5/weather?appid=2b23996cbfdcde1bace853758d300998&units=imperial&q=portobelo
145,http://api.openweathermap.org/data/2.5/weather?appid=2b23996cbfdcde1bace853758d300998&units=imperial&q=manzanillo
146,http://api.openweathermap.org/data/2.5/weather?appid=2b23996cbfdcde1bace853758d300998&units=imperial&q=adrar
147,http://api.openweathermap.org/data/2.5/weather?appid=2b23996cbfdcde1bace853758d300998&units=imperial&q=byron bay
148,http://api.openweathermap.org/data/2.5/weather?appid=2b23996cbfdcde1bace853758d300998&units=imperial&q=marsh harbour
149,http://api.openweathermap.org/data/2.5/weather?appid=2b23996cbfdcde1bace853758d300998&units=imperial&q=teya
150,http://api.openweathermap.org/data/2.5/weather?appid=2b23996cbfdcde1bace853758d300998&units=imperial&q=kristiansund
151,http://api.openweathermap.org/data/2.5/weather?appid=2b23996cbfdcde1bace853758d300998&units=imperial&q=mar del plata
152,http://api.openweathermap.org/data/2.5/weather?appid=2b23996cbfdcde1bace853758d300998&units=imperial&q=vila franca do campo
153,http://api.openweathermap.org/data/2.5/weather?appid=2b23996cbfdcde1bace853758d300998&units=imperial&q=jumla
154,http://api.openweathermap.org/data/2.5/weather?appid=2b23996cbfdcde1bace853758d300998&units=imperial&q=haicheng
155,http://api.openweathermap.org/data/2.5/weather?appid=2b23996cbfdcde1bace853758d300998&units=imperial&q=humaita
156,http://api.openweathermap.org/data/2.5/weather?appid=2b23996cbfdcde1bace853758d300998&units=imperial&q=nurota
157,http://api.openweathermap.org/data/2.5/weather?appid=2b23996cbfdcde1bace853758d300998&units=imperial&q=kampot
158,http://api.openweathermap.org/data/2.5/weather?appid=2b23996cbfdcde1bace853758d300998&units=imperial&q=upernavik
159,http://api.openweathermap.org/data/2.5/weather?appid=2b23996cbfdcde1bace853758d300998&units=imperial&q=geraldton
160,http://api.openweathermap.org/data/2.5/weather?appid=2b23996cbfdcde1bace853758d300998&units=imperial&q=kieta
161,http://api.openweathermap.org/data/2.5/weather?appid=2b23996cbfdcde1bace853758d300998&units=imperial&q=hermagor
162,http://api.openweathermap.org/data/2.5/weather?appid=2b23996cbfdcde1bace853758d300998&units=imperial&q=yellowknife
163,http://api.openweathermap.org/data/2.5/weather?appid=2b23996cbfdcde1bace853758d300998&units=imperial&q=wageningen
164,http://api.openweathermap.org/data/2.5/weather?appid=2b23996cbfdcde1bace853758d300998&units=imperial&q=padang
165,http://api.openweathermap.org/data/2.5/weather?appid=2b23996cbfdcde1bace853758d300998&units=imperial&q=kolo
166,http://api.openweathermap.org/data/2.5/weather?appid=2b23996cbfdcde1bace853758d300998&units=imperial&q=huilong
167,http://api.openweathermap.org/data/2.5/weather?appid=2b23996cbfdcde1bace853758d300998&units=imperial&q=marystown
168,http://api.openweathermap.org/data/2.5/weather?appid=2b23996cbfdcde1bace853758d300998&units=imperial&q=rorvik
169,http://api.openweathermap.org/data/2.5/weather?appid=2b23996cbfdcde1bace853758d300998&units=imperial&q=ginda
170,http://api.openweathermap.org/data/2.5/weather?appid=2b23996cbfdcde1bace853758d300998&units=imperial&q=bowen
171,http://api.openweathermap.org/data/2.5/weather?appid=2b23996cbfdcde1bace853758d300998&units=imperial&q=kastamonu
172,http://api.openweathermap.org/data/2.5/weather?appid=2b23996cbfdcde1bace853758d300998&units=imperial&q=laguna
173,http://api.openweathermap.org/data/2.5/weather?appid=2b23996cbfdcde1bace853758d300998&units=imperial&q=egvekinot
174,http://api.openweathermap.org/data/2.5/weather?appid=2b23996cbfdcde1bace853758d300998&units=imperial&q=nizhneangarsk
175,http://api.openweathermap.org/data/2.5/weather?appid=2b23996cbfdcde1bace853758d300998&units=imperial&q=ilulissat
176,http://api.openweathermap.org/data/2.5/weather?appid=2b23996cbfdcde1bace853758d300998&units=imperial&q=salihli
177,http://api.openweathermap.org/data/2.5/weather?appid=2b23996cbfdcde1bace853758d300998&units=imperial&q=ahmadpur
178,http://api.openweathermap.org/data/2.5/weather?appid=2b23996cbfdcde1bace853758d300998&units=imperial&q=nantucket
179,http://api.openweathermap.org/data/2.5/weather?appid=2b23996cbfdcde1bace853758d300998&units=imperial&q=cockburn town
180,http://api.openweathermap.org/data/2.5/weather?appid=2b23996cbfdcde1bace853758d300998&units=imperial&q=san ramon
181,http://api.openweathermap.org/data/2.5/weather?appid=2b23996cbfdcde1bace853758d300998&units=imperial&q=guerrero negro
182,http://api.openweathermap.org/data/2.5/weather?appid=2b23996cbfdcde1bace853758d300998&units=imperial&q=eyl
183,http://api.openweathermap.org/data/2.5/weather?appid=2b23996cbfdcde1bace853758d300998&units=imperial&q=faanui
184,http://api.openweathermap.org/data/2.5/weather?appid=2b23996cbfdcde1bace853758d300998&units=imperial&q=victoria
185,http://api.openweathermap.org/data/2.5/weather?appid=2b23996cbfdcde1bace853758d300998&units=imperial&q=xam nua
186,http://api.openweathermap.org/data/2.5/weather?appid=2b23996cbfdcde1bace853758d300998&units=imperial&q=jutai
187,http://api.openweathermap.org/data/2.5/weather?appid=2b23996cbfdcde1bace853758d300998&units=imperial&q=chokurdakh
188,http://api.openweathermap.org/data/2.5/weather?appid=2b23996cbfdcde1bace853758d300998&units=imperial&q=tommot
189,http://api.openweathermap.org/data/2.5/weather?appid=2b23996cbfdcde1bace853758d300998&units=imperial&q=siyabuswa
190,http://api.openweathermap.org/data/2.5/weather?appid=2b23996cbfdcde1bace853758d300998&units=imperial&q=lasa
191,http://api.openweathermap.org/data/2.5/weather?appid=2b23996cbfdcde1bace853758d300998&units=imperial&q=khatanga
192,http://api.openweathermap.org/data/2.5/weather?appid=2b23996cbfdcde1bace853758d300998&units=imperial&q=ambilobe
193,http://api.openweathermap.org/data/2.5/weather?appid=2b23996cbfdcde1bace853758d300998&units=imperial&q=saint george
194,http://api.openweathermap.org/data/2.5/weather?appid=2b23996cbfdcde1bace853758d300998&units=imperial&q=puerto ayora
195,http://api.openweathermap.org/data/2.5/weather?appid=2b23996cbfdcde1bace853758d300998&units=imperial&q=tamandare
196,http://api.openweathermap.org/data/2.5/weather?appid=2b23996cbfdcde1bace853758d300998&units=imperial&q=bischofshofen
197,http://api.openweathermap.org/data/2.5/weather?appid=2b23996cbfdcde1bace853758d300998&units=imperial&q=itaberaba
198,http://api.openweathermap.org/data/2.5/weather?appid=2b23996cbfdcde1bace853758d300998&units=imperial&q=saint anthony
199,http://api.openweathermap.org/data/2.5/weather?appid=2b23996cbfdcde1bace853758d300998&units=imperial&q=grand baie
200,http://api.openweathermap.org/data/2.5/weather?appid=2b23996cbfdcde1bace853758d300998&units=imperial&q=luderitz
201,http://api.openweathermap.org/data/2.5/weather?appid=2b23996cbfdcde1bace853758d300998&units=imperial&q=kloulklubed
202,http://api.openweathermap.org/data/2.5/weather?appid=2b23996cbfdcde1bace853758d300998&units=imperial&q=natal
203,http://api.openweathermap.org/data/2.5/weather?appid=2b23996cbfdcde1bace853758d300998&units=imperial&q=kuusamo
204,http://api.openweathermap.org/data/2.5/weather?appid=2b23996cbfdcde1bace853758d300998&units=imperial&q=tual
205,http://api.openweathermap.org/data/2.5/weather?appid=2b23996cbfdcde1bace853758d300998&units=imperial&q=vardo
206,http://api.openweathermap.org/data/2.5/weather?appid=2b23996cbfdcde1bace853758d300998&units=imperial&q=ngunguru
207,http://api.openweathermap.org/data/2.5/weather?appid=2b23996cbfdcde1bace853758d300998&units=imperial&q=davila
208,http://api.openweathermap.org/data/2.5/weather?appid=2b23996cbfdcde1bace853758d300998&units=imperial&q=viedma
209,http://api.openweathermap.org/data/2.5/weather?appid=2b23996cbfdcde1bace853758d300998&units=imperial&q=ostrovnoy
210,http://api.openweathermap.org/data/2.5/weather?appid=2b23996cbfdcde1bace853758d300998&units=imperial&q=porto murtinho
211,http://api.openweathermap.org/data/2.5/weather?appid=2b23996cbfdcde1bace853758d300998&units=imperial&q=bambous virieux
212,http://api.openweathermap.org/data/2.5/weather?appid=2b23996cbfdcde1bace853758d300998&units=imperial&q=tias
213,http://api.openweathermap.org/data/2.5/weather?appid=2b23996cbfdcde1bace853758d300998&units=imperial&q=husavik
214,http://api.openweathermap.org/data/2.5/weather?appid=2b23996cbfdcde1bace853758d300998&units=imperial&q=clyde river
215,http://api.openweathermap.org/data/2.5/weather?appid=2b23996cbfdcde1bace853758d300998&units=imperial&q=moose factory
216,http://api.openweathermap.org/data/2.5/weather?appid=2b23996cbfdcde1bace853758d300998&units=imperial&q=comonfort
217,http://api.openweathermap.org/data/2.5/weather?appid=2b23996cbfdcde1bace853758d300998&units=imperial&q=fairbanks
218,http://api.openweathermap.org/data/2.5/weather?appid=2b23996cbfdcde1bace853758d300998&units=imperial&q=souillac
219,http://api.openweathermap.org/data/2.5/weather?appid=2b23996cbfdcde1bace853758d300998&units=imperial&q=airai
220,http://api.openweathermap.org/data/2.5/weather?appid=2b23996cbfdcde1bace853758d300998&units=imperial&q=ayutla
221,http://api.openweathermap.org/data/2.5/weather?appid=2b23996cbfdcde1bace853758d300998&units=imperial&q=salalah
222,http://api.openweathermap.org/data/2.5/weather?appid=2b23996cbfdcde1bace853758d300998&units=imperial&q=otane
223,http://api.openweathermap.org/data/2.5/weather?appid=2b23996cbfdcde1bace853758d300998&units=imperial&q=tiksi
224,http://api.openweathermap.org/data/2.5/weather?appid=2b23996cbfdcde1bace853758d300998&units=imperial&q=ponta delgada
225,http://api.openweathermap.org/data/2.5/weather?appid=2b23996cbfdcde1bace853758d300998&units=imperial&q=edson
226,http://api.openweathermap.org/data/2.5/weather?appid=2b23996cbfdcde1bace853758d300998&units=imperial&q=auki
227,http://api.openweathermap.org/data/2.5/weather?appid=2b23996cbfdcde1bace853758d300998&units=imperial&q=hofn
228,http://api.openweathermap.org/data/2.5/weather?appid=2b23996cbfdcde1bace853758d300998&units=imperial&q=caravelas
229,http://api.openweathermap.org/data/2.5/weather?appid=2b23996cbfdcde1bace853758d300998&units=imperial&q=krasnoborsk
230,http://api.openweathermap.org/data/2.5/weather?appid=2b23996cbfdcde1bace853758d300998&units=imperial&q=shakhtinsk
231,http://api.openweathermap.org/data/2.5/weather?appid=2b23996cbfdcde1bace853758d300998&units=imperial&q=revda
232,http://api.openweathermap.org/data/2.5/weather?appid=2b23996cbfdcde1bace853758d300998&units=imperial&q=hambantota
233,http://api.openweathermap.org/data/2.5/weather?appid=2b23996cbfdcde1bace853758d300998&units=imperial&q=mahebourg
234,http://api.openweathermap.org/data/2.5/weather?appid=2b23996cbfdcde1bace853758d300998&units=imperial&q=komsomolskiy
235,http://api.openweathermap.org/data/2.5/weather?appid=2b23996cbfdcde1bace853758d300998&units=imperial&q=ponta do sol
236,http://api.openweathermap.org/data/2.5/weather?appid=2b23996cbfdcde1bace853758d300998&units=imperial&q=nangong
237,http://api.openweathermap.org/data/2.5/weather?appid=2b23996cbfdcde1bace853758d300998&units=imperial&q=conceicao da barra
238,http://api.openweathermap.org/data/2.5/weather?appid=2b23996cbfdcde1bace853758d300998&units=imperial&q=obo
239,http://api.openweathermap.org/data/2.5/weather?appid=2b23996cbfdcde1bace853758d300998&units=imperial&q=freeport
240,http://api.openweathermap.org/data/2.5/weather?appid=2b23996cbfdcde1bace853758d300998&units=imperial&q=kasongo-lunda
241,http://api.openweathermap.org/data/2.5/weather?appid=2b23996cbfdcde1bace853758d300998&units=imperial&q=norman wells
242,http://api.openweathermap.org/data/2.5/weather?appid=2b23996cbfdcde1bace853758d300998&units=imperial&q=vostok
243,http://api.openweathermap.org/data/2.5/weather?appid=2b23996cbfdcde1bace853758d300998&units=imperial&q=hasaki
244,http://api.openweathermap.org/data/2.5/weather?appid=2b23996cbfdcde1bace853758d300998&units=imperial&q=svetlogorsk
245,http://api.openweathermap.org/data/2.5/weather?appid=2b23996cbfdcde1bace853758d300998&units=imperial&q=ormara
246,http://api.openweathermap.org/data/2.5/weather?appid=2b23996cbfdcde1bace853758d300998&units=imperial&q=maceio
247,http://api.openweathermap.org/data/2.5/weather?appid=2b23996cbfdcde1bace853758d300998&units=imperial&q=ostersund
248,http://api.openweathermap.org/data/2.5/weather?appid=2b23996cbfdcde1bace853758d300998&units=imperial&q=constitucion
249,http://api.openweathermap.org/data/2.5/weather?appid=2b23996cbfdcde1bace853758d300998&units=imperial&q=faya
250,http://api.openweathermap.org/data/2.5/weather?appid=2b23996cbfdcde1bace853758d300998&units=imperial&q=polis
251,http://api.openweathermap.org/data/2.5/weather?appid=2b23996cbfdcde1bace853758d300998&units=imperial&q=jati
252,http://api.openweathermap.org/data/2.5/weather?appid=2b23996cbfdcde1bace853758d300998&units=imperial&q=burnie
253,http://api.openweathermap.org/data/2.5/weather?appid=2b23996cbfdcde1bace853758d300998&units=imperial&q=cumberland
254,http://api.openweathermap.org/data/2.5/weather?appid=2b23996cbfdcde1bace853758d300998&units=imperial&q=carlyle
255,http://api.openweathermap.org/data/2.5/weather?appid=2b23996cbfdcde1bace853758d300998&units=imperial&q=pampierstad
256,http://api.openweathermap.org/data/2.5/weather?appid=2b23996cbfdcde1bace853758d300998&units=imperial&q=kulhudhuffushi
257,http://api.openweathermap.org/data/2.5/weather?appid=2b23996cbfdcde1bace853758d300998&units=imperial&q=moron
258,http://api.openweathermap.org/data/2.5/weather?appid=2b23996cbfdcde1bace853758d300998&units=imperial&q=bolobo
259,http://api.openweathermap.org/data/2.5/weather?appid=2b23996cbfdcde1bace853758d300998&units=imperial&q=goderich
260,http://api.openweathermap.org/data/2.5/weather?appid=2b23996cbfdcde1bace853758d300998&units=imperial&q=tahoua
261,http://api.openweathermap.org/data/2.5/weather?appid=2b23996cbfdcde1bace853758d300998&units=imperial&q=bull savanna
262,http://api.openweathermap.org/data/2.5/weather?appid=2b23996cbfdcde1bace853758d300998&units=imperial&q=loon
263,http://api.openweathermap.org/data/2.5/weather?appid=2b23996cbfdcde1bace853758d300998&units=imperial&q=guarapari
264,http://api.openweathermap.org/data/2.5/weather?appid=2b23996cbfdcde1bace853758d300998&units=imperial&q=houston
265,http://api.openweathermap.org/data/2.5/weather?appid=2b23996cbfdcde1bace853758d300998&units=imperial&q=staunton
266,http://api.openweathermap.org/data/2.5/weather?appid=2b23996cbfdcde1bace853758d300998&units=imperial&q=bubaque
267,http://api.openweathermap.org/data/2.5/weather?appid=2b23996cbfdcde1bace853758d300998&units=imperial&q=flinders
268,http://api.openweathermap.org/data/2.5/weather?appid=2b23996cbfdcde1bace853758d300998&units=imperial&q=cherskiy
269,http://api.openweathermap.org/data/2.5/weather?appid=2b23996cbfdcde1bace853758d300998&units=imperial&q=juneau
270,http://api.openweathermap.org/data/2.5/weather?appid=2b23996cbfdcde1bace853758d300998&units=imperial&q=manggar
271,http://api.openweathermap.org/data/2.5/weather?appid=2b23996cbfdcde1bace853758d300998&units=imperial&q=henties bay
272,http://api.openweathermap.org/data/2.5/weather?appid=2b23996cbfdcde1bace853758d300998&units=imperial&q=kununurra
273,http://api.openweathermap.org/data/2.5/weather?appid=2b23996cbfdcde1bace853758d300998&units=imperial&q=portland
274,http://api.openweathermap.org/data/2.5/weather?appid=2b23996cbfdcde1bace853758d300998&units=imperial&q=thouars
275,http://api.openweathermap.org/data/2.5/weather?appid=2b23996cbfdcde1bace853758d300998&units=imperial&q=kautokeino
276,http://api.openweathermap.org/data/2.5/weather?appid=2b23996cbfdcde1bace853758d300998&units=imperial&q=shobara
277,http://api.openweathermap.org/data/2.5/weather?appid=2b23996cbfdcde1bace853758d300998&units=imperial&q=ambon
278,http://api.openweathermap.org/data/2.5/weather?appid=2b23996cbfdcde1bace853758d300998&units=imperial&q=prince rupert
279,http://api.openweathermap.org/data/2.5/weather?appid=2b23996cbfdcde1bace853758d300998&units=imperial&q=camargo
280,http://api.openweathermap.org/data/2.5/weather?appid=2b23996cbfdcde1bace853758d300998&units=imperial&q=ouango
281,http://api.openweathermap.org/data/2.5/weather?appid=2b23996cbfdcde1bace853758d300998&units=imperial&q=westport
282,http://api.openweathermap.org/data/2.5/weather?appid=2b23996cbfdcde1bace853758d300998&units=imperial&q=kaitangata
283,http://api.openweathermap.org/data/2.5/weather?appid=2b23996cbfdcde1bace853758d300998&units=imperial&q=zhuanghe
284,http://api.openweathermap.org/data/2.5/weather?appid=2b23996cbfdcde1bace853758d300998&units=imperial&q=cranbrook
285,http://api.openweathermap.org/data/2.5/weather?appid=2b23996cbfdcde1bace853758d300998&units=imperial&q=kabinda
286,http://api.openweathermap.org/data/2.5/weather?appid=2b23996cbfdcde1bace853758d300998&units=imperial&q=coquimbo
287,http://api.openweathermap.org/data/2.5/weather?appid=2b23996cbfdcde1bace853758d300998&units=imperial&q=jerome
288,http://api.openweathermap.org/data/2.5/weather?appid=2b23996cbfdcde1bace853758d300998&units=imperial&q=yelyzavethradka
289,http://api.openweathermap.org/data/2.5/weather?appid=2b23996cbfdcde1bace853758d300998&units=imperial&q=paka
290,http://api.openweathermap.org/data/2.5/weather?appid=2b23996cbfdcde1bace853758d300998&units=imperial&q=aklavik
291,http://api.openweathermap.org/data/2.5/weather?appid=2b23996cbfdcde1bace853758d300998&units=imperial&q=margate
292,http://api.openweathermap.org/data/2.5/weather?appid=2b23996cbfdcde1bace853758d300998&units=imperial&q=longyearbyen
293,http://api.openweathermap.org/data/2.5/weather?appid=2b23996cbfdcde1bace853758d300998&units=imperial&q=namibe
294,http://api.openweathermap.org/data/2.5/weather?appid=2b23996cbfdcde1bace853758d300998&units=imperial&q=pangnirtung
295,http://api.openweathermap.org/data/2.5/weather?appid=2b23996cbfdcde1bace853758d300998&units=imperial&q=comodoro rivadavia
296,http://api.openweathermap.org/data/2.5/weather?appid=2b23996cbfdcde1bace853758d300998&units=imperial&q=nome
297,http://api.openweathermap.org/data/2.5/weather?appid=2b23996cbfdcde1bace853758d300998&units=imperial&q=tabuk
298,http://api.openweathermap.org/data/2.5/weather?appid=2b23996cbfdcde1bace853758d300998&units=imperial&q=provideniya
299,http://api.openweathermap.org/data/2.5/weather?appid=2b23996cbfdcde1bace853758d300998&units=imperial&q=maldonado
300,http://api.openweathermap.org/data/2.5/weather?appid=2b23996cbfdcde1bace853758d300998&units=imperial&q=san juan
301,http://api.openweathermap.org/data/2.5/weather?appid=2b23996cbfdcde1bace853758d300998&units=imperial&q=loiza
302,http://api.openweathermap.org/data/2.5/weather?appid=2b23996cbfdcde1bace853758d300998&units=imperial&q=takoradi
303,http://api.openweathermap.org/data/2.5/weather?appid=2b23996cbfdcde1bace853758d300998&units=imperial&q=alice springs
304,http://api.openweathermap.org/data/2.5/weather?appid=2b23996cbfdcde1bace853758d300998&units=imperial&q=chicama
305,http://api.openweathermap.org/data/2.5/weather?appid=2b23996cbfdcde1bace853758d300998&units=imperial&q=matara
306,http://api.openweathermap.org/data/2.5/weather?appid=2b23996cbfdcde1bace853758d300998&units=imperial&q=jodhpur
307,http://api.openweathermap.org/data/2.5/weather?appid=2b23996cbfdcde1bace853758d300998&units=imperial&q=garowe
308,http://api.openweathermap.org/data/2.5/weather?appid=2b23996cbfdcde1bace853758d300998&units=imperial&q=bahia blanca
309,http://api.openweathermap.org/data/2.5/weather?appid=2b23996cbfdcde1bace853758d300998&units=imperial&q=sawtell
310,http://api.openweathermap.org/data/2.5/weather?appid=2b23996cbfdcde1bace853758d300998&units=imperial&q=coffs harbour
311,http://api.openweathermap.org/data/2.5/weather?appid=2b23996cbfdcde1bace853758d300998&units=imperial&q=narsaq
312,http://api.openweathermap.org/data/2.5/weather?appid=2b23996cbfdcde1bace853758d300998&units=imperial&q=biak
313,http://api.openweathermap.org/data/2.5/weather?appid=2b23996cbfdcde1bace853758d300998&units=imperial&q=sao filipe
314,http://api.openweathermap.org/data/2.5/weather?appid=2b23996cbfdcde1bace853758d300998&units=imperial&q=yerbogachen
315,http://api.openweathermap.org/data/2.5/weather?appid=2b23996cbfdcde1bace853758d300998&units=imperial&q=pangkalanbuun
316,http://api.openweathermap.org/data/2.5/weather?appid=2b23996cbfdcde1bace853758d300998&units=imperial&q=kalmunai
317,http://api.openweathermap.org/data/2.5/weather?appid=2b23996cbfdcde1bace853758d300998&units=imperial&q=staronizhestebliyevskaya
318,http://api.openweathermap.org/data/2.5/weather?appid=2b23996cbfdcde1bace853758d300998&units=imperial&q=birao
319,http://api.openweathermap.org/data/2.5/weather?appid=2b23996cbfdcde1bace853758d300998&units=imperial&q=vanimo
320,http://api.openweathermap.org/data/2.5/weather?appid=2b23996cbfdcde1bace853758d300998&units=imperial&q=kirakira
321,http://api.openweathermap.org/data/2.5/weather?appid=2b23996cbfdcde1bace853758d300998&units=imperial&q=bethel
322,http://api.openweathermap.org/data/2.5/weather?appid=2b23996cbfdcde1bace853758d300998&units=imperial&q=kimbe
323,http://api.openweathermap.org/data/2.5/weather?appid=2b23996cbfdcde1bace853758d300998&units=imperial&q=chuy
324,http://api.openweathermap.org/data/2.5/weather?appid=2b23996cbfdcde1bace853758d300998&units=imperial&q=kavieng
325,http://api.openweathermap.org/data/2.5/weather?appid=2b23996cbfdcde1bace853758d300998&units=imperial&q=namatanai
326,http://api.openweathermap.org/data/2.5/weather?appid=2b23996cbfdcde1bace853758d300998&units=imperial&q=jijiga
327,http://api.openweathermap.org/data/2.5/weather?appid=2b23996cbfdcde1bace853758d300998&units=imperial&q=lida
328,http://api.openweathermap.org/data/2.5/weather?appid=2b23996cbfdcde1bace853758d300998&units=imperial&q=saraland
329,http://api.openweathermap.org/data/2.5/weather?appid=2b23996cbfdcde1bace853758d300998&units=imperial&q=hovd
330,http://api.openweathermap.org/data/2.5/weather?appid=2b23996cbfdcde1bace853758d300998&units=imperial&q=parrita
331,http://api.openweathermap.org/data/2.5/weather?appid=2b23996cbfdcde1bace853758d300998&units=imperial&q=haines junction
332,http://api.openweathermap.org/data/2.5/weather?appid=2b23996cbfdcde1bace853758d300998&units=imperial&q=coahuayana
333,http://api.openweathermap.org/data/2.5/weather?appid=2b23996cbfdcde1bace853758d300998&units=imperial&q=lazaro cardenas
334,http://api.openweathermap.org/data/2.5/weather?appid=2b23996cbfdcde1bace853758d300998&units=imperial&q=touros
335,http://api.openweathermap.org/data/2.5/weather?appid=2b23996cbfdcde1bace853758d300998&units=imperial&q=laela
336,http://api.openweathermap.org/data/2.5/weather?appid=2b23996cbfdcde1bace853758d300998&units=imperial&q=hamilton
337,http://api.openweathermap.org/data/2.5/weather?appid=2b23996cbfdcde1bace853758d300998&units=imperial&q=radcliff
338,http://api.openweathermap.org/data/2.5/weather?appid=2b23996cbfdcde1bace853758d300998&units=imperial&q=kalmar
339,http://api.openweathermap.org/data/2.5/weather?appid=2b23996cbfdcde1bace853758d300998&units=imperial&q=lata
340,http://api.openweathermap.org/data/2.5/weather?appid=2b23996cbfdcde1bace853758d300998&units=imperial&q=xai-xai
341,http://api.openweathermap.org/data/2.5/weather?appid=2b23996cbfdcde1bace853758d300998&units=imperial&q=tres picos
342,http://api.openweathermap.org/data/2.5/weather?appid=2b23996cbfdcde1bace853758d300998&units=imperial&q=ardabil
343,http://api.openweathermap.org/data/2.5/weather?appid=2b23996cbfdcde1bace853758d300998&units=imperial&q=nakhon si thammarat
344,http://api.openweathermap.org/data/2.5/weather?appid=2b23996cbfdcde1bace853758d300998&units=imperial&q=taoudenni
345,http://api.openweathermap.org/data/2.5/weather?appid=2b23996cbfdcde1bace853758d300998&units=imperial&q=harper
346,http://api.openweathermap.org/data/2.5/weather?appid=2b23996cbfdcde1bace853758d300998&units=imperial&q=rudnogorsk
347,http://api.openweathermap.org/data/2.5/weather?appid=2b23996cbfdcde1bace853758d300998&units=imperial&q=wanning
348,http://api.openweathermap.org/data/2.5/weather?appid=2b23996cbfdcde1bace853758d300998&units=imperial&q=fenoarivo atsinanana
349,http://api.openweathermap.org/data/2.5/weather?appid=2b23996cbfdcde1bace853758d300998&units=imperial&q=filadelfia
350,http://api.openweathermap.org/data/2.5/weather?appid=2b23996cbfdcde1bace853758d300998&units=imperial&q=gigmoto
351,http://api.openweathermap.org/data/2.5/weather?appid=2b23996cbfdcde1bace853758d300998&units=imperial&q=juli
352,http://api.openweathermap.org/data/2.5/weather?appid=2b23996cbfdcde1bace853758d300998&units=imperial&q=port hardy
353,http://api.openweathermap.org/data/2.5/weather?appid=2b23996cbfdcde1bace853758d300998&units=imperial&q=kenai
354,http://api.openweathermap.org/data/2.5/weather?appid=2b23996cbfdcde1bace853758d300998&units=imperial&q=susanville
355,http://api.openweathermap.org/data/2.5/weather?appid=2b23996cbfdcde1bace853758d300998&units=imperial&q=labuhan
356,http://api.openweathermap.org/data/2.5/weather?appid=2b23996cbfdcde1bace853758d300998&units=imperial&q=agudos
357,http://api.openweathermap.org/data/2.5/weather?appid=2b23996cbfdcde1bace853758d300998&units=imperial&q=russell
358,http://api.openweathermap.org/data/2.5/weather?appid=2b23996cbfdcde1bace853758d300998&units=imperial&q=iroquois falls
359,http://api.openweathermap.org/data/2.5/weather?appid=2b23996cbfdcde1bace853758d300998&units=imperial&q=eugene
360,http://api.openweathermap.org/data/2.5/weather?appid=2b23996cbfdcde1bace853758d300998&units=imperial&q=bonanza
361,http://api.openweathermap.org/data/2.5/weather?appid=2b23996cbfdcde1bace853758d300998&units=imperial&q=morro bay
362,http://api.openweathermap.org/data/2.5/weather?appid=2b23996cbfdcde1bace853758d300998&units=imperial&q=taiobeiras
363,http://api.openweathermap.org/data/2.5/weather?appid=2b23996cbfdcde1bace853758d300998&units=imperial&q=shelburne
364,http://api.openweathermap.org/data/2.5/weather?appid=2b23996cbfdcde1bace853758d300998&units=imperial&q=grand gaube
365,http://api.openweathermap.org/data/2.5/weather?appid=2b23996cbfdcde1bace853758d300998&units=imperial&q=sayansk
366,http://api.openweathermap.org/data/2.5/weather?appid=2b23996cbfdcde1bace853758d300998&units=imperial&q=abu zabad
367,http://api.openweathermap.org/data/2.5/weather?appid=2b23996cbfdcde1bace853758d300998&units=imperial&q=glendive
368,http://api.openweathermap.org/data/2.5/weather?appid=2b23996cbfdcde1bace853758d300998&units=imperial&q=lima
369,http://api.openweathermap.org/data/2.5/weather?appid=2b23996cbfdcde1bace853758d300998&units=imperial&q=turayf
370,http://api.openweathermap.org/data/2.5/weather?appid=2b23996cbfdcde1bace853758d300998&units=imperial&q=yuzhno-kurilsk
371,http://api.openweathermap.org/data/2.5/weather?appid=2b23996cbfdcde1bace853758d300998&units=imperial&q=bandarbeyla
372,http://api.openweathermap.org/data/2.5/weather?appid=2b23996cbfdcde1bace853758d300998&units=imperial&q=ust-tsilma
373,http://api.openweathermap.org/data/2.5/weather?appid=2b23996cbfdcde1bace853758d300998&units=imperial&q=dhidhdhoo
374,http://api.openweathermap.org/data/2.5/weather?appid=2b23996cbfdcde1bace853758d300998&units=imperial&q=zamora
375,http://api.openweathermap.org/data/2.5/weather?appid=2b23996cbfdcde1bace853758d300998&units=imperial&q=inhambane
376,http://api.openweathermap.org/data/2.5/weather?appid=2b23996cbfdcde1bace853758d300998&units=imperial&q=honningsvag
377,http://api.openweathermap.org/data/2.5/weather?appid=2b23996cbfdcde1bace853758d300998&units=imperial&q=jevargi
378,http://api.openweathermap.org/data/2.5/weather?appid=2b23996cbfdcde1bace853758d300998&units=imperial&q=shorapur
379,http://api.openweathermap.org/data/2.5/weather?appid=2b23996cbfdcde1bace853758d300998&units=imperial&q=francisco sa
380,http://api.openweathermap.org/data/2.5/weather?appid=2b23996cbfdcde1bace853758d300998&units=imperial&q=batemans bay
381,http://api.openweathermap.org/data/2.5/weather?appid=2b23996cbfdcde1bace853758d300998&units=imperial&q=port-cartier
382,http://api.openweathermap.org/data/2.5/weather?appid=2b23996cbfdcde1bace853758d300998&units=imperial&q=kitimat
383,http://api.openweathermap.org/data/2.5/weather?appid=2b23996cbfdcde1bace853758d300998&units=imperial&q=roquetas de mar
384,http://api.openweathermap.org/data/2.5/weather?appid=2b23996cbfdcde1bace853758d300998&units=imperial&q=vila do maio
385,http://api.openweathermap.org/data/2.5/weather?appid=2b23996cbfdcde1bace853758d300998&units=imperial&q=baie-comeau
386,http://api.openweathermap.org/data/2.5/weather?appid=2b23996cbfdcde1bace853758d300998&units=imperial&q=zuwarah
387,http://api.openweathermap.org/data/2.5/weather?appid=2b23996cbfdcde1bace853758d300998&units=imperial&q=acapulco
388,http://api.openweathermap.org/data/2.5/weather?appid=2b23996cbfdcde1bace853758d300998&units=imperial&q=sur
389,http://api.openweathermap.org/data/2.5/weather?appid=2b23996cbfdcde1bace853758d300998&units=imperial&q=alofi
390,http://api.openweathermap.org/data/2.5/weather?appid=2b23996cbfdcde1bace853758d300998&units=imperial&q=codrington
391,http://api.openweathermap.org/data/2.5/weather?appid=2b23996cbfdcde1bace853758d300998&units=imperial&q=omboue
392,http://api.openweathermap.org/data/2.5/weather?appid=2b23996cbfdcde1bace853758d300998&units=imperial&q=port blair
393,http://api.openweathermap.org/data/2.5/weather?appid=2b23996cbfdcde1bace853758d300998&units=imperial&q=kamenka
394,http://api.openweathermap.org/data/2.5/weather?appid=2b23996cbfdcde1bace853758d300998&units=imperial&q=nshamba
395,http://api.openweathermap.org/data/2.5/weather?appid=2b23996cbfdcde1bace853758d300998&units=imperial&q=lloydminster
396,http://api.openweathermap.org/data/2.5/weather?appid=2b23996cbfdcde1bace853758d300998&units=imperial&q=sakaiminato
397,http://api.openweathermap.org/data/2.5/weather?appid=2b23996cbfdcde1bace853758d300998&units=imperial&q=vientiane
398,http://api.openweathermap.org/data/2.5/weather?appid=2b23996cbfdcde1bace853758d300998&units=imperial&q=yuanping
399,http://api.openweathermap.org/data/2.5/weather?appid=2b23996cbfdcde1bace853758d300998&units=imperial&q=barbacena
400,http://api.openweathermap.org/data/2.5/weather?appid=2b23996cbfdcde1bace853758d300998&units=imperial&q=qaqortoq
401,http://api.openweathermap.org/data/2.5/weather?appid=2b23996cbfdcde1bace853758d300998&units=imperial&q=raudeberg
402,http://api.openweathermap.org/data/2.5/weather?appid=2b23996cbfdcde1bace853758d300998&units=imperial&q=yangambi
403,http://api.openweathermap.org/data/2.5/weather?appid=2b23996cbfdcde1bace853758d300998&units=imperial&q=san quintin
404,http://api.openweathermap.org/data/2.5/weather?appid=2b23996cbfdcde1bace853758d300998&units=imperial&q=vestmannaeyjar
405,http://api.openweathermap.org/data/2.5/weather?appid=2b23996cbfdcde1bace853758d300998&units=imperial&q=kenora
406,http://api.openweathermap.org/data/2.5/weather?appid=2b23996cbfdcde1bace853758d300998&units=imperial&q=zapolyarnyy
407,http://api.openweathermap.org/data/2.5/weather?appid=2b23996cbfdcde1bace853758d300998&units=imperial&q=minas novas
408,http://api.openweathermap.org/data/2.5/weather?appid=2b23996cbfdcde1bace853758d300998&units=imperial&q=vavuniya
409,http://api.openweathermap.org/data/2.5/weather?appid=2b23996cbfdcde1bace853758d300998&units=imperial&q=tatarsk
410,http://api.openweathermap.org/data/2.5/weather?appid=2b23996cbfdcde1bace853758d300998&units=imperial&q=katherine
411,http://api.openweathermap.org/data/2.5/weather?appid=2b23996cbfdcde1bace853758d300998&units=imperial&q=paralimni
412,http://api.openweathermap.org/data/2.5/weather?appid=2b23996cbfdcde1bace853758d300998&units=imperial&q=poya
413,http://api.openweathermap.org/data/2.5/weather?appid=2b23996cbfdcde1bace853758d300998&units=imperial&q=falun
414,http://api.openweathermap.org/data/2.5/weather?appid=2b23996cbfdcde1bace853758d300998&units=imperial&q=dayong
415,http://api.openweathermap.org/data/2.5/weather?appid=2b23996cbfdcde1bace853758d300998&units=imperial&q=rundu
416,http://api.openweathermap.org/data/2.5/weather?appid=2b23996cbfdcde1bace853758d300998&units=imperial&q=paamiut
417,http://api.openweathermap.org/data/2.5/weather?appid=2b23996cbfdcde1bace853758d300998&units=imperial&q=concepcion del oro
418,http://api.openweathermap.org/data/2.5/weather?appid=2b23996cbfdcde1bace853758d300998&units=imperial&q=port hedland
419,http://api.openweathermap.org/data/2.5/weather?appid=2b23996cbfdcde1bace853758d300998&units=imperial&q=amudat
420,http://api.openweathermap.org/data/2.5/weather?appid=2b23996cbfdcde1bace853758d300998&units=imperial&q=berlevag
421,http://api.openweathermap.org/data/2.5/weather?appid=2b23996cbfdcde1bace853758d300998&units=imperial&q=samarinda
422,http://api.openweathermap.org/data/2.5/weather?appid=2b23996cbfdcde1bace853758d300998&units=imperial&q=aswan
423,http://api.openweathermap.org/data/2.5/weather?appid=2b23996cbfdcde1bace853758d300998&units=imperial&q=casper
424,http://api.openweathermap.org/data/2.5/weather?appid=2b23996cbfdcde1bace853758d300998&units=imperial&q=licheng
425,http://api.openweathermap.org/data/2.5/weather?appid=2b23996cbfdcde1bace853758d300998&units=imperial&q=todos santos
426,http://api.openweathermap.org/data/2.5/weather?appid=2b23996cbfdcde1bace853758d300998&units=imperial&q=mehamn
427,http://api.openweathermap.org/data/2.5/weather?appid=2b23996cbfdcde1bace853758d300998&units=imperial&q=gizo
428,http://api.openweathermap.org/data/2.5/weather?appid=2b23996cbfdcde1bace853758d300998&units=imperial&q=iracoubo
429,http://api.openweathermap.org/data/2.5/weather?appid=2b23996cbfdcde1bace853758d300998&units=imperial&q=ariquemes
430,http://api.openweathermap.org/data/2.5/weather?appid=2b23996cbfdcde1bace853758d300998&units=imperial&q=tromso
431,http://api.openweathermap.org/data/2.5/weather?appid=2b23996cbfdcde1bace853758d300998&units=imperial&q=lincoln
432,http://api.openweathermap.org/data/2.5/weather?appid=2b23996cbfdcde1bace853758d300998&units=imperial&q=fort nelson
433,http://api.openweathermap.org/data/2.5/weather?appid=2b23996cbfdcde1bace853758d300998&units=imperial&q=mattru
434,http://api.openweathermap.org/data/2.5/weather?appid=2b23996cbfdcde1bace853758d300998&units=imperial&q=kato glikovrisi
435,http://api.openweathermap.org/data/2.5/weather?appid=2b23996cbfdcde1bace853758d300998&units=imperial&q=minsk
436,http://api.openweathermap.org/data/2.5/weather?appid=2b23996cbfdcde1bace853758d300998&units=imperial&q=xining
437,http://api.openweathermap.org/data/2.5/weather?appid=2b23996cbfdcde1bace853758d300998&units=imperial&q=ocos
438,http://api.openweathermap.org/data/2.5/weather?appid=2b23996cbfdcde1bace853758d300998&units=imperial&q=port-gentil
439,http://api.openweathermap.org/data/2.5/weather?appid=2b23996cbfdcde1bace853758d300998&units=imperial&q=la ronge
440,http://api.openweathermap.org/data/2.5/weather?appid=2b23996cbfdcde1bace853758d300998&units=imperial&q=pecos
441,http://api.openweathermap.org/data/2.5/weather?appid=2b23996cbfdcde1bace853758d300998&units=imperial&q=stokmarknes
442,http://api.openweathermap.org/data/2.5/weather?appid=2b23996cbfdcde1bace853758d300998&units=imperial&q=ozernovskiy
443,http://api.openweathermap.org/data/2.5/weather?appid=2b23996cbfdcde1bace853758d300998&units=imperial&q=menongue
444,http://api.openweathermap.org/data/2.5/weather?appid=2b23996cbfdcde1bace853758d300998&units=imperial&q=cacoal
445,http://api.openweathermap.org/data/2.5/weather?appid=2b23996cbfdcde1bace853758d300998&units=imperial&q=cao bang
446,http://api.openweathermap.org/data/2.5/weather?appid=2b23996cbfdcde1bace853758d300998&units=imperial&q=harrismith
447,http://api.openweathermap.org/data/2.5/weather?appid=2b23996cbfdcde1bace853758d300998&units=imperial&q=sandy bay
448,http://api.openweathermap.org/data/2.5/weather?appid=2b23996cbfdcde1bace853758d300998&units=imperial&q=balikpapan
449,http://api.openweathermap.org/data/2.5/weather?appid=2b23996cbfdcde1bace853758d300998&units=imperial&q=houma
450,http://api.openweathermap.org/data/2.5/weather?appid=2b23996cbfdcde1bace853758d300998&units=imperial&q=darhan
451,http://api.openweathermap.org/data/2.5/weather?appid=2b23996cbfdcde1bace853758d300998&units=imperial&q=qandala
452,http://api.openweathermap.org/data/2.5/weather?appid=2b23996cbfdcde1bace853758d300998&units=imperial&q=la serena
453,http://api.openweathermap.org/data/2.5/weather?appid=2b23996cbfdcde1bace853758d300998&units=imperial&q=grindavik
454,http://api.openweathermap.org/data/2.5/weather?appid=2b23996cbfdcde1bace853758d300998&units=imperial&q=abalak
455,http://api.openweathermap.org/data/2.5/weather?appid=2b23996cbfdcde1bace853758d300998&units=imperial&q=arlit
456,http://api.openweathermap.org/data/2.5/weather?appid=2b23996cbfdcde1bace853758d300998&units=imperial&q=shache
457,http://api.openweathermap.org/data/2.5/weather?appid=2b23996cbfdcde1bace853758d300998&units=imperial&q=hisai
458,http://api.openweathermap.org/data/2.5/weather?appid=2b23996cbfdcde1bace853758d300998&units=imperial&q=hay river
459,http://api.openweathermap.org/data/2.5/weather?appid=2b23996cbfdcde1bace853758d300998&units=imperial&q=samus
460,http://api.openweathermap.org/data/2.5/weather?appid=2b23996cbfdcde1bace853758d300998&units=imperial&q=nola
461,http://api.openweathermap.org/data/2.5/weather?appid=2b23996cbfdcde1bace853758d300998&units=imperial&q=gualeguay
462,http://api.openweathermap.org/data/2.5/weather?appid=2b23996cbfdcde1bace853758d300998&units=imperial&q=san cristobal
463,http://api.openweathermap.org/data/2.5/weather?appid=2b23996cbfdcde1bace853758d300998&units=imperial&q=bulaevo
464,http://api.openweathermap.org/data/2.5/weather?appid=2b23996cbfdcde1bace853758d300998&units=imperial&q=oktyabrskiy
465,http://api.openweathermap.org/data/2.5/weather?appid=2b23996cbfdcde1bace853758d300998&units=imperial&q=terre-de-bas
466,http://api.openweathermap.org/data/2.5/weather?appid=2b23996cbfdcde1bace853758d300998&units=imperial&q=iquique
467,http://api.openweathermap.org/data/2.5/weather?appid=2b23996cbfdcde1bace853758d300998&units=imperial&q=riyadh
468,http://api.openweathermap.org/data/2.5/weather?appid=2b23996cbfdcde1bace853758d300998&units=imperial&q=buraydah
469,http://api.openweathermap.org/data/2.5/weather?appid=2b23996cbfdcde1bace853758d300998&units=imperial&q=ayolas
470,http://api.openweathermap.org/data/2.5/weather?appid=2b23996cbfdcde1bace853758d300998&units=imperial&q=neuquen
471,http://api.openweathermap.org/data/2.5/weather?appid=2b23996cbfdcde1bace853758d300998&units=imperial&q=sechura
472,http://api.openweathermap.org/data/2.5/weather?appid=2b23996cbfdcde1bace853758d300998&units=imperial&q=shitkino
473,http://api.openweathermap.org/data/2.5/weather?appid=2b23996cbfdcde1bace853758d300998&units=imperial&q=ranong
474,http://api.openweathermap.org/data/2.5/weather?appid=2b23996cbfdcde1bace853758d300998&units=imperial&q=chulym
475,http://api.openweathermap.org/data/2.5/weather?appid=2b23996cbfdcde1bace853758d300998&units=imperial&q=tsiroanomandidy
476,http://api.openweathermap.org/data/2.5/weather?appid=2b23996cbfdcde1bace853758d300998&units=imperial&q=mecca
477,http://api.openweathermap.org/data/2.5/weather?appid=2b23996cbfdcde1bace853758d300998&units=imperial&q=moree
478,http://api.openweathermap.org/data/2.5/weather?appid=2b23996cbfdcde1bace853758d300998&units=imperial&q=nuevitas
479,http://api.openweathermap.org/data/2.5/weather?appid=2b23996cbfdcde1bace853758d300998&units=imperial&q=wittstock
480,http://api.openweathermap.org/data/2.5/weather?appid=2b23996cbfdcde1bace853758d300998&units=imperial&q=venosa
481,http://api.openweathermap.org/data/2.5/weather?appid=2b23996cbfdcde1bace853758d300998&units=imperial&q=pinawa
482,http://api.openweathermap.org/data/2.5/weather?appid=2b23996cbfdcde1bace853758d300998&units=imperial&q=mandalgovi
483,http://api.openweathermap.org/data/2.5/weather?appid=2b23996cbfdcde1bace853758d300998&units=imperial&q=muyezerskiy
484,http://api.openweathermap.org/data/2.5/weather?appid=2b23996cbfdcde1bace853758d300998&units=imperial&q=podgornoye
485,http://api.openweathermap.org/data/2.5/weather?appid=2b23996cbfdcde1bace853758d300998&units=imperial&q=tabory
486,http://api.openweathermap.org/data/2.5/weather?appid=2b23996cbfdcde1bace853758d300998&units=imperial&q=port shepstone
487,http://api.openweathermap.org/data/2.5/weather?appid=2b23996cbfdcde1bace853758d300998&units=imperial&q=iaciara
488,http://api.openweathermap.org/data/2.5/weather?appid=2b23996cbfdcde1bace853758d300998&units=imperial&q=lavrentiya
489,http://api.openweathermap.org/data/2.5/weather?appid=2b23996cbfdcde1bace853758d300998&units=imperial&q=sikasso
490,http://api.openweathermap.org/data/2.5/weather?appid=2b23996cbfdcde1bace853758d300998&units=imperial&q=culiacan
491,http://api.openweathermap.org/data/2.5/weather?appid=2b23996cbfdcde1bace853758d300998&units=imperial&q=fortuna
492,http://api.openweathermap.org/data/2.5/weather?appid=2b23996cbfdcde1bace853758d300998&units=imperial&q=sola
493,http://api.openweathermap.org/data/2.5/weather?appid=2b23996cbfdcde1bace853758d300998&units=imperial&q=cordoba
494,http://api.openweathermap.org/data/2.5/weather?appid=2b23996cbfdcde1bace853758d300998&units=imperial&q=anshun
495,http://api.openweathermap.org/data/2.5/weather?appid=2b23996cbfdcde1bace853758d300998&units=imperial&q=tambilil
496,http://api.openweathermap.org/data/2.5/weather?appid=2b23996cbfdcde1bace853758d300998&units=imperial&q=almaznyy
497,http://api.openweathermap.org/data/2.5/weather?appid=2b23996cbfdcde1bace853758d300998&units=imperial&q=karratha
498,http://api.openweathermap.org/data/2.5/weather?appid=2b23996cbfdcde1bace853758d300998&units=imperial&q=pemba
499,http://api.openweathermap.org/data/2.5/weather?appid=2b23996cbfdcde1bace853758d300998&units=imperial&q=severo-yeniseyskiy
500,http://api.openweathermap.org/data/2.5/weather?appid=2b23996cbfdcde1bace853758d300998&units=imperial&q=ruston
501,http://api.openweathermap.org/data/2.5/weather?appid=2b23996cbfdcde1bace853758d300998&units=imperial&q=dourbali
502,http://api.openweathermap.org/data/2.5/weather?appid=2b23996cbfdcde1bace853758d300998&units=imperial&q=porbandar
503,http://api.openweathermap.org/data/2.5/weather?appid=2b23996cbfdcde1bace853758d300998&units=imperial&q=snezhnogorsk
504,http://api.openweathermap.org/data/2.5/weather?appid=2b23996cbfdcde1bace853758d300998&units=imperial&q=riohacha
505,http://api.openweathermap.org/data/2.5/weather?appid=2b23996cbfdcde1bace853758d300998&units=imperial&q=hailey
506,http://api.openweathermap.org/data/2.5/weather?appid=2b23996cbfdcde1bace853758d300998&units=imperial&q=turukhansk
507,http://api.openweathermap.org/data/2.5/weather?appid=2b23996cbfdcde1bace853758d300998&units=imperial&q=jieznas
508,http://api.openweathermap.org/data/2.5/weather?appid=2b23996cbfdcde1bace853758d300998&units=imperial&q=makakilo city
509,http://api.openweathermap.org/data/2.5/weather?appid=2b23996cbfdcde1bace853758d300998&units=imperial&q=wuning
510,http://api.openweathermap.org/data/2.5/weather?appid=2b23996cbfdcde1bace853758d300998&units=imperial&q=havoysund
511,http://api.openweathermap.org/data/2.5/weather?appid=2b23996cbfdcde1bace853758d300998&units=imperial&q=port keats
512,http://api.openweathermap.org/data/2.5/weather?appid=2b23996cbfdcde1bace853758d300998&units=imperial&q=santiago del estero
513,http://api.openweathermap.org/data/2.5/weather?appid=2b23996cbfdcde1bace853758d300998&units=imperial&q=pangoa
514,http://api.openweathermap.org/data/2.5/weather?appid=2b23996cbfdcde1bace853758d300998&units=imperial&q=shubarshi
515,http://api.openweathermap.org/data/2.5/weather?appid=2b23996cbfdcde1bace853758d300998&units=imperial&q=khailar
516,http://api.openweathermap.org/data/2.5/weather?appid=2b23996cbfdcde1bace853758d300998&units=imperial&q=gravelbourg
517,http://api.openweathermap.org/data/2.5/weather?appid=2b23996cbfdcde1bace853758d300998&units=imperial&q=sciacca
518,http://api.openweathermap.org/data/2.5/weather?appid=2b23996cbfdcde1bace853758d300998&units=imperial&q=port augusta
519,http://api.openweathermap.org/data/2.5/weather?appid=2b23996cbfdcde1bace853758d300998&units=imperial&q=floro
520,http://api.openweathermap.org/data/2.5/weather?appid=2b23996cbfdcde1bace853758d300998&units=imperial&q=arroyo
521,http://api.openweathermap.org/data/2.5/weather?appid=2b23996cbfdcde1bace853758d300998&units=imperial&q=bhagalpur
522,http://api.openweathermap.org/data/2.5/weather?appid=2b23996cbfdcde1bace853758d300998&units=imperial&q=saint-georges
523,http://api.openweathermap.org/data/2.5/weather?appid=2b23996cbfdcde1bace853758d300998&units=imperial&q=north bend
524,http://api.openweathermap.org/data/2.5/weather?appid=2b23996cbfdcde1bace853758d300998&units=imperial&q=lagunas
525,http://api.openweathermap.org/data/2.5/weather?appid=2b23996cbfdcde1bace853758d300998&units=imperial&q=bismarck
526,http://api.openweathermap.org/data/2.5/weather?appid=2b23996cbfdcde1bace853758d300998&units=imperial&q=plettenberg bay
527,http://api.openweathermap.org/data/2.5/weather?appid=2b23996cbfdcde1bace853758d300998&units=imperial&q=half moon bay
528,http://api.openweathermap.org/data/2.5/weather?appid=2b23996cbfdcde1bace853758d300998&units=imperial&q=samarai
529,http://api.openweathermap.org/data/2.5/weather?appid=2b23996cbfdcde1bace853758d300998&units=imperial&q=casablanca
530,http://api.openweathermap.org/data/2.5/weather?appid=2b23996cbfdcde1bace853758d300998&units=imperial&q=san pedro de ycuamandiyu
531,http://api.openweathermap.org/data/2.5/weather?appid=2b23996cbfdcde1bace853758d300998&units=imperial&q=hobyo
532,http://api.openweathermap.org/data/2.5/weather?appid=2b23996cbfdcde1bace853758d300998&units=imperial&q=sheridan
533,http://api.openweathermap.org/data/2.5/weather?appid=2b23996cbfdcde1bace853758d300998&units=imperial&q=kiama
534,http://api.openweathermap.org/data/2.5/weather?appid=2b23996cbfdcde1bace853758d300998&units=imperial&q=kota kinabalu
535,http://api.openweathermap.org/data/2.5/weather?appid=2b23996cbfdcde1bace853758d300998&units=imperial&q=moba
536,http://api.openweathermap.org/data/2.5/weather?appid=2b23996cbfdcde1bace853758d300998&units=imperial&q=nanakuli
537,http://api.openweathermap.org/data/2.5/weather?appid=2b23996cbfdcde1bace853758d300998&units=imperial&q=iskateley
538,http://api.openweathermap.org/data/2.5/weather?appid=2b23996cbfdcde1bace853758d300998&units=imperial&q=san jeronimo
539,http://api.openweathermap.org/data/2.5/weather?appid=2b23996cbfdcde1bace853758d300998&units=imperial&q=xinzhou
540,http://api.openweathermap.org/data/2.5/weather?appid=2b23996cbfdcde1bace853758d300998&units=imperial&q=draguignan
541,http://api.openweathermap.org/data/2.5/weather?appid=2b23996cbfdcde1bace853758d300998&units=imperial&q=mitsamiouli
542,http://api.openweathermap.org/data/2.5/weather?appid=2b23996cbfdcde1bace853758d300998&units=imperial&q=awjilah
543,http://api.openweathermap.org/data/2.5/weather?appid=2b23996cbfdcde1bace853758d300998&units=imperial&q=san carlos de bariloche
544,http://api.openweathermap.org/data/2.5/weather?appid=2b23996cbfdcde1bace853758d300998&units=imperial&q=villanueva de la serena
545,http://api.openweathermap.org/data/2.5/weather?appid=2b23996cbfdcde1bace853758d300998&units=imperial&q=yabrud
546,http://api.openweathermap.org/data/2.5/weather?appid=2b23996cbfdcde1bace853758d300998&units=imperial&q=banda aceh
547,http://api.openweathermap.org/data/2.5/weather?appid=2b23996cbfdcde1bace853758d300998&units=imperial&q=dukat
548,http://api.openweathermap.org/data/2.5/weather?appid=2b23996cbfdcde1bace853758d300998&units=imperial&q=tupik
549,http://api.openweathermap.org/data/2.5/weather?appid=2b23996cbfdcde1bace853758d300998&units=imperial&q=huarmey
550,http://api.openweathermap.org/data/2.5/weather?appid=2b23996cbfdcde1bace853758d300998&units=imperial&q=dunedin
551,http://api.openweathermap.org/data/2.5/weather?appid=2b23996cbfdcde1bace853758d300998&units=imperial&q=aksarka
552,http://api.openweathermap.org/data/2.5/weather?appid=2b23996cbfdcde1bace853758d300998&units=imperial&q=kisangani
553,http://api.openweathermap.org/data/2.5/weather?appid=2b23996cbfdcde1bace853758d300998&units=imperial&q=te anau
554,http://api.openweathermap.org/data/2.5/weather?appid=2b23996cbfdcde1bace853758d300998&units=imperial&q=tazovskiy
555,http://api.openweathermap.org/data/2.5/weather?appid=2b23996cbfdcde1bace853758d300998&units=imperial&q=college
556,http://api.openweathermap.org/data/2.5/weather?appid=2b23996cbfdcde1bace853758d300998&units=imperial&q=jiazi
557,http://api.openweathermap.org/data/2.5/weather?appid=2b23996cbfdcde1bace853758d300998&units=imperial&q=atambua
558,http://api.openweathermap.org/data/2.5/weather?appid=2b23996cbfdcde1bace853758d300998&units=imperial&q=qasigiannguit
559,http://api.openweathermap.org/data/2.5/weather?appid=2b23996cbfdcde1bace853758d300998&units=imperial&q=sumbe
560,http://api.openweathermap.org/data/2.5/weather?appid=2b23996cbfdcde1bace853758d300998&units=imperial&q=ornskoldsvik
561,http://api.openweathermap.org/data/2.5/weather?appid=2b23996cbfdcde1bace853758d300998&units=imperial&q=mapimi
562,http://api.openweathermap.org/data/2.5/weather?appid=2b23996cbfdcde1bace853758d300998&units=imperial&q=port arthur
563,http://api.openweathermap.org/data/2.5/weather?appid=2b23996cbfdcde1bace853758d300998&units=imperial&q=babu
564,http://api.openweathermap.org/data/2.5/weather?appid=2b23996cbfdcde1bace853758d300998&units=imperial&q=mozarlandia
565,http://api.openweathermap.org/data/2.5/weather?appid=2b23996cbfdcde1bace853758d300998&units=imperial&q=san julian
566,http://api.openweathermap.org/data/2.5/weather?appid=2b23996cbfdcde1bace853758d300998&units=imperial&q=manokwari
567,http://api.openweathermap.org/data/2.5/weather?appid=2b23996cbfdcde1bace853758d300998&units=imperial&q=awash
568,http://api.openweathermap.org/data/2.5/weather?appid=2b23996cbfdcde1bace853758d300998&units=imperial&q=xingyi
569,http://api.openweathermap.org/data/2.5/weather?appid=2b23996cbfdcde1bace853758d300998&units=imperial&q=bauchi
570,http://api.openweathermap.org/data/2.5/weather?appid=2b23996cbfdcde1bace853758d300998&units=imperial&q=manakara
571,http://api.openweathermap.org/data/2.5/weather?appid=2b23996cbfdcde1bace853758d300998&units=imperial&q=birin
572,http://api.openweathermap.org/data/2.5/weather?appid=2b23996cbfdcde1bace853758d300998&units=imperial&q=dedza
573,http://api.openweathermap.org/data/2.5/weather?appid=2b23996cbfdcde1bace853758d300998&units=imperial&q=mayo
574,http://api.openweathermap.org/data/2.5/weather?appid=2b23996cbfdcde1bace853758d300998&units=imperial&q=bathsheba
575,http://api.openweathermap.org/data/2.5/weather?appid=2b23996cbfdcde1bace853758d300998&units=imperial&q=kaeo
576,http://api.openweathermap.org/data/2.5/weather?appid=2b23996cbfdcde1bace853758d300998&units=imperial&q=marawi
577,http://api.openweathermap.org/data/2.5/weather?appid=2b23996cbfdcde1bace853758d300998&units=imperial&q=quimper
578,http://api.openweathermap.org/data/2.5/weather?appid=2b23996cbfdcde1bace853758d300998&units=imperial&q=dabat
579,http://api.openweathermap.org/data/2.5/weather?appid=2b23996cbfdcde1bace853758d300998&units=imperial&q=guanare
580,http://api.openweathermap.org/data/2.5/weather?appid=2b23996cbfdcde1bace853758d300998&units=imperial&q=nekhayevskiy
581,http://api.openweathermap.org/data/2.5/weather?appid=2b23996cbfdcde1bace853758d300998&units=imperial&q=sosnovo-ozerskoye
582,http://api.openweathermap.org/data/2.5/weather?appid=2b23996cbfdcde1bace853758d300998&units=imperial&q=bradford
583,http://api.openweathermap.org/data/2.5/weather?appid=2b23996cbfdcde1bace853758d300998&units=imperial&q=rawson
584,http://api.openweathermap.org/data/2.5/weather?appid=2b23996cbfdcde1bace853758d300998&units=imperial&q=coihaique
585,http://api.openweathermap.org/data/2.5/weather?appid=2b23996cbfdcde1bace853758d300998&units=imperial&q=oskemen
586,http://api.openweathermap.org/data/2.5/weather?appid=2b23996cbfdcde1bace853758d300998&units=imperial&q=phan thiet
587,http://api.openweathermap.org/data/2.5/weather?appid=2b23996cbfdcde1bace853758d300998&units=imperial&q=kano
588,http://api.openweathermap.org/data/2.5/weather?appid=2b23996cbfdcde1bace853758d300998&units=imperial&q=bekhteyevka
589,http://api.openweathermap.org/data/2.5/weather?appid=2b23996cbfdcde1bace853758d300998&units=imperial&q=katangli
590,http://api.openweathermap.org/data/2.5/weather?appid=2b23996cbfdcde1bace853758d300998&units=imperial&q=cairns
591,http://api.openweathermap.org/data/2.5/weather?appid=2b23996cbfdcde1bace853758d300998&units=imperial&q=katsuura
592,http://api.openweathermap.org/data/2.5/weather?appid=2b23996cbfdcde1bace853758d300998&units=imperial&q=beringovskiy
593,http://api.openweathermap.org/data/2.5/weather?appid=2b23996cbfdcde1bace853758d300998&units=imperial&q=sobolevo
594,http://api.openweathermap.org/data/2.5/weather?appid=2b23996cbfdcde1bace853758d300998&units=imperial&q=ucluelet
595,http://api.openweathermap.org/data/2.5/weather?appid=2b23996cbfdcde1bace853758d300998&units=imperial&q=thinadhoo
596,http://api.openweathermap.org/data/2.5/weather?appid=2b23996cbfdcde1bace853758d300998&units=imperial&q=tevaitoa
597,http://api.openweathermap.org/data/2.5/weather?appid=2b23996cbfdcde1bace853758d300998&units=imperial&q=sao raimundo das mangabeiras
598,http://api.openweathermap.org/data/2.5/weather?appid=2b23996cbfdcde1bace853758d300998&units=imperial&q=atasu
599,http://api.openweathermap.org/data/2.5/weather?appid=2b23996cbfdcde1bace853758d300998&units=imperial&q=south lake tahoe
600,http://api.openweathermap.org/data/2.5/weather?appid=2b23996cbfdcde1bace853758d300998&units=imperial&q=delta del tigre
601,http://api.openweathermap.org/data/2.5/weather?appid=2b23996cbfdcde1bace853758d300998&units=imperial&q=camacha
602,http://api.openweathermap.org/data/2.5/weather?appid=2b23996cbfdcde1bace853758d300998&units=imperial&q=sao jose da coroa grande
603,http://api.openweathermap.org/data/2.5/weather?appid=2b23996cbfdcde1bace853758d300998&units=imperial&q=bereda
604,http://api.openweathermap.org/data/2.5/weather?appid=2b23996cbfdcde1bace853758d300998&units=imperial&q=quatre cocos
605,http://api.openweathermap.org/data/2.5/weather?appid=2b23996cbfdcde1bace853758d300998&units=imperial&q=vila velha
606,http://api.openweathermap.org/data/2.5/weather?appid=2b23996cbfdcde1bace853758d300998&units=imperial&q=heihe
607,http://api.openweathermap.org/data/2.5/weather?appid=2b23996cbfdcde1bace853758d300998&units=imperial&q=alexandria
608,http://api.openweathermap.org/data/2.5/weather?appid=2b23996cbfdcde1bace853758d300998&units=imperial&q=black river
609,http://api.openweathermap.org/data/2.5/weather?appid=2b23996cbfdcde1bace853758d300998&units=imperial&q=kushiro
610,http://api.openweathermap.org/data/2.5/weather?appid=2b23996cbfdcde1bace853758d300998&units=imperial&q=pozo colorado
611,http://api.openweathermap.org/data/2.5/weather?appid=2b23996cbfdcde1bace853758d300998&units=imperial&q=cayenne
612,http://api.openweathermap.org/data/2.5/weather?appid=2b23996cbfdcde1bace853758d300998&units=imperial&q=svetlaya
613,http://api.openweathermap.org/data/2.5/weather?appid=2b23996cbfdcde1bace853758d300998&units=imperial&q=melo
614,http://api.openweathermap.org/data/2.5/weather?appid=2b23996cbfdcde1bace853758d300998&units=imperial&q=marovoay
615,http://api.openweathermap.org/data/2.5/weather?appid=2b23996cbfdcde1bace853758d300998&units=imperial&q=douentza
616,http://api.openweathermap.org/data/2.5/weather?appid=2b23996cbfdcde1bace853758d300998&units=imperial&q=puerto carreno
617,http://api.openweathermap.org/data/2.5/weather?appid=2b23996cbfdcde1bace853758d300998&units=imperial&q=saint-francois
618,http://api.openweathermap.org/data/2.5/weather?appid=2b23996cbfdcde1bace853758d300998&units=imperial&q=santa ines
619,http://api.openweathermap.org/data/2.5/weather?appid=2b23996cbfdcde1bace853758d300998&units=imperial&q=phek
620,http://api.openweathermap.org/data/2.5/weather?appid=2b23996cbfdcde1bace853758d300998&units=imperial&q=beloha
621,http://api.openweathermap.org/data/2.5/weather?appid=2b23996cbfdcde1bace853758d300998&units=imperial&q=vernon
622,http://api.openweathermap.org/data/2.5/weather?appid=2b23996cbfdcde1bace853758d300998&units=imperial&q=laurel
623,http://api.openweathermap.org/data/2.5/weather?appid=2b23996cbfdcde1bace853758d300998&units=imperial&q=baglung
624,http://api.openweathermap.org/data/2.5/weather?appid=2b23996cbfdcde1bace853758d300998&units=imperial&q=ust-kuyga
625,http://api.openweathermap.org/data/2.5/weather?appid=2b23996cbfdcde1bace853758d300998&units=imperial&q=orlik
626,http://api.openweathermap.org/data/2.5/weather?appid=2b23996cbfdcde1bace853758d300998&units=imperial&q=cine
627,http://api.openweathermap.org/data/2.5/weather?appid=2b23996cbfdcde1bace853758d300998&units=imperial&q=shingu
628,http://api.openweathermap.org/data/2.5/weather?appid=2b23996cbfdcde1bace853758d300998&units=imperial&q=lugovoy
629,http://api.openweathermap.org/data/2.5/weather?appid=2b23996cbfdcde1bace853758d300998&units=imperial&q=ouidah
630,http://api.openweathermap.org/data/2.5/weather?appid=2b23996cbfdcde1bace853758d300998&units=imperial&q=benalla
631,http://api.openweathermap.org/data/2.5/weather?appid=2b23996cbfdcde1bace853758d300998&units=imperial&q=big bend
632,http://api.openweathermap.org/data/2.5/weather?appid=2b23996cbfdcde1bace853758d300998&units=imperial&q=moissac
633,http://api.openweathermap.org/data/2.5/weather?appid=2b23996cbfdcde1bace853758d300998&units=imperial&q=jacareacanga
634,http://api.openweathermap.org/data/2.5/weather?appid=2b23996cbfdcde1bace853758d300998&units=imperial&q=progreso
635,http://api.openweathermap.org/data/2.5/weather?appid=2b23996cbfdcde1bace853758d300998&units=imperial&q=qingdao
636,http://api.openweathermap.org/data/2.5/weather?appid=2b23996cbfdcde1bace853758d300998&units=imperial&q=ibra
637,http://api.openweathermap.org/data/2.5/weather?appid=2b23996cbfdcde1bace853758d300998&units=imperial&q=thenzawl
638,http://api.openweathermap.org/data/2.5/weather?appid=2b23996cbfdcde1bace853758d300998&units=imperial&q=mamit
639,http://api.openweathermap.org/data/2.5/weather?appid=2b23996cbfdcde1bace853758d300998&units=imperial&q=conceicao do araguaia
640,http://api.openweathermap.org/data/2.5/weather?appid=2b23996cbfdcde1bace853758d300998&units=imperial&q=oyek
641,http://api.openweathermap.org/data/2.5/weather?appid=2b23996cbfdcde1bace853758d300998&units=imperial&q=zhezkazgan
642,http://api.openweathermap.org/data/2.5/weather?appid=2b23996cbfdcde1bace853758d300998&units=imperial&q=benjamin constant
643,http://api.openweathermap.org/data/2.5/weather?appid=2b23996cbfdcde1bace853758d300998&units=imperial&q=umm lajj
644,http://api.openweathermap.org/data/2.5/weather?appid=2b23996cbfdcde1bace853758d300998&units=imperial&q=mamallapuram
645,http://api.openweathermap.org/data/2.5/weather?appid=2b23996cbfdcde1bace853758d300998&units=imperial&q=smolensk
646,http://api.openweathermap.org/data/2.5/weather?appid=2b23996cbfdcde1bace853758d300998&units=imperial&q=thaba-tseka
647,http://api.openweathermap.org/data/2.5/weather?appid=2b23996cbfdcde1bace853758d300998&units=imperial&q=shediac
648,http://api.openweathermap.org/data/2.5/weather?appid=2b23996cbfdcde1bace853758d300998&units=imperial&q=dalby
649,http://api.openweathermap.org/data/2.5/weather?appid=2b23996cbfdcde1bace853758d300998&units=imperial&q=borogontsy
650,http://api.openweathermap.org/data/2.5/weather?appid=2b23996cbfdcde1bace853758d300998&units=imperial&q=bogande
651,http://api.openweathermap.org/data/2.5/weather?appid=2b23996cbfdcde1bace853758d300998&units=imperial&q=copiapo
652,http://api.openweathermap.org/data/2.5/weather?appid=2b23996cbfdcde1bace853758d300998&units=imperial&q=harsin
653,http://api.openweathermap.org/data/2.5/weather?appid=2b23996cbfdcde1bace853758d300998&units=imperial&q=lufilufi
654,http://api.openweathermap.org/data/2.5/weather?appid=2b23996cbfdcde1bace853758d300998&units=imperial&q=piacabucu
655,http://api.openweathermap.org/data/2.5/weather?appid=2b23996cbfdcde1bace853758d300998&units=imperial&q=manuk mangkaw
656,http://api.openweathermap.org/data/2.5/weather?appid=2b23996cbfdcde1bace853758d300998&units=imperial&q=creel
657,http://api.openweathermap.org/data/2.5/weather?appid=2b23996cbfdcde1bace853758d300998&units=imperial&q=arona
658,http://api.openweathermap.org/data/2.5/weather?appid=2b23996cbfdcde1bace853758d300998&units=imperial&q=yar-sale
659,http://api.openweathermap.org/data/2.5/weather?appid=2b23996cbfdcde1bace853758d300998&units=imperial&q=chernyshevskiy
660,http://api.openweathermap.org/data/2.5/weather?appid=2b23996cbfdcde1bace853758d300998&units=imperial&q=opuwo
661,http://api.openweathermap.org/data/2.5/weather?appid=2b23996cbfdcde1bace853758d300998&units=imperial&q=kosh-agach
662,http://api.openweathermap.org/data/2.5/weather?appid=2b23996cbfdcde1bace853758d300998&units=imperial&q=lyuban
663,http://api.openweathermap.org/data/2.5/weather?appid=2b23996cbfdcde1bace853758d300998&units=imperial&q=cap malheureux
664,http://api.openweathermap.org/data/2.5/weather?appid=2b23996cbfdcde1bace853758d300998&units=imperial&q=mandiana
665,http://api.openweathermap.org/data/2.5/weather?appid=2b23996cbfdcde1bace853758d300998&units=imperial&q=kaputa
666,http://api.openweathermap.org/data/2.5/weather?appid=2b23996cbfdcde1bace853758d300998&units=imperial&q=alta floresta
667,http://api.openweathermap.org/data/2.5/weather?appid=2b23996cbfdcde1bace853758d300998&units=imperial&q=porto novo
668,http://api.openweathermap.org/data/2.5/weather?appid=2b23996cbfdcde1bace853758d300998&units=imperial&q=kuching
669,http://api.openweathermap.org/data/2.5/weather?appid=2b23996cbfdcde1bace853758d300998&units=imperial&q=karasburg
670,http://api.openweathermap.org/data/2.5/weather?appid=2b23996cbfdcde1bace853758d300998&units=imperial&q=kathu
671,http://api.openweathermap.org/data/2.5/weather?appid=2b23996cbfdcde1bace853758d300998&units=imperial&q=sibut
672,http://api.openweathermap.org/data/2.5/weather?appid=2b23996cbfdcde1bace853758d300998&units=imperial&q=general roca
673,http://api.openweathermap.org/data/2.5/weather?appid=2b23996cbfdcde1bace853758d300998&units=imperial&q=bosaso
674,http://api.openweathermap.org/data/2.5/weather?appid=2b23996cbfdcde1bace853758d300998&units=imperial&q=aras
675,http://api.openweathermap.org/data/2.5/weather?appid=2b23996cbfdcde1bace853758d300998&units=imperial&q=vaitape
676,http://api.openweathermap.org/data/2.5/weather?appid=2b23996cbfdcde1bace853758d300998&units=imperial&q=petropavlovsk-kamchatskiy
677,http://api.openweathermap.org/data/2.5/weather?appid=2b23996cbfdcde1bace853758d300998&units=imperial&q=tessalit
678,http://api.openweathermap.org/data/2.5/weather?appid=2b23996cbfdcde1bace853758d300998&units=imperial&q=tautira
679,http://api.openweathermap.org/data/2.5/weather?appid=2b23996cbfdcde1bace853758d300998&units=imperial&q=juegang
680,http://api.openweathermap.org/data/2.5/weather?appid=2b23996cbfdcde1bace853758d300998&units=imperial&q=bataipora
681,http://api.openweathermap.org/data/2.5/weather?appid=2b23996cbfdcde1bace853758d300998&units=imperial&q=meulaboh
682,http://api.openweathermap.org/data/2.5/weather?appid=2b23996cbfdcde1bace853758d300998&units=imperial&q=guaruja
683,http://api.openweathermap.org/data/2.5/weather?appid=2b23996cbfdcde1bace853758d300998&units=imperial&q=lucapa
684,http://api.openweathermap.org/data/2.5/weather?appid=2b23996cbfdcde1bace853758d300998&units=imperial&q=novikovo
685,http://api.openweathermap.org/data/2.5/weather?appid=2b23996cbfdcde1bace853758d300998&units=imperial&q=bikaner
686,http://api.openweathermap.org/data/2.5/weather?appid=2b23996cbfdcde1bace853758d300998&units=imperial&q=baykit
687,http://api.openweathermap.org/data/2.5/weather?appid=2b23996cbfdcde1bace853758d300998&units=imperial&q=kalabo
688,http://api.openweathermap.org/data/2.5/weather?appid=2b23996cbfdcde1bace853758d300998&units=imperial&q=ashqelon
689,http://api.openweathermap.org/data/2.5/weather?appid=2b23996cbfdcde1bace853758d300998&units=imperial&q=sao felix do xingu
690,http://api.openweathermap.org/data/2.5/weather?appid=2b23996cbfdcde1bace853758d300998&units=imperial&q=rodrigues alves
691,http://api.openweathermap.org/data/2.5/weather?appid=2b23996cbfdcde1bace853758d300998&units=imperial&q=kitami
692,http://api.openweathermap.org/data/2.5/weather?appid=2b23996cbfdcde1bace853758d300998&units=imperial&q=rudnichnyy
693,http://api.openweathermap.org/data/2.5/weather?appid=2b23996cbfdcde1bace853758d300998&units=imperial&q=sabla
694,http://api.openweathermap.org/data/2.5/weather?appid=2b23996cbfdcde1bace853758d300998&units=imperial&q=finnsnes
695,http://api.openweathermap.org/data/2.5/weather?appid=2b23996cbfdcde1bace853758d300998&units=imperial&q=ilebo
696,http://api.openweathermap.org/data/2.5/weather?appid=2b23996cbfdcde1bace853758d300998&units=imperial&q=the valley
697,http://api.openweathermap.org/data/2.5/weather?appid=2b23996cbfdcde1bace853758d300998&units=imperial&q=cooma
698,http://api.openweathermap.org/data/2.5/weather?appid=2b23996cbfdcde1bace853758d300998&units=imperial&q=mashhad
699,http://api.openweathermap.org/data/2.5/weather?appid=2b23996cbfdcde1bace853758d300998&units=imperial&q=antalaha
700,http://api.openweathermap.org/data/2.5/weather?appid=2b23996cbfdcde1bace853758d300998&units=imperial&q=chikhli
701,http://api.openweathermap.org/data/2.5/weather?appid=2b23996cbfdcde1bace853758d300998&units=imperial&q=gat
702,http://api.openweathermap.org/data/2.5/weather?appid=2b23996cbfdcde1bace853758d300998&units=imperial&q=ca mau
703,http://api.openweathermap.org/data/2.5/weather?appid=2b23996cbfdcde1bace853758d300998&units=imperial&q=maragogi
704,http://api.openweathermap.org/data/2.5/weather?appid=2b23996cbfdcde1bace853758d300998&units=imperial&q=salzgitter
705,http://api.openweathermap.org/data/2.5/weather?appid=2b23996cbfdcde1bace853758d300998&units=imperial&q=daokou
706,http://api.openweathermap.org/data/2.5/weather?appid=2b23996cbfdcde1bace853758d300998&units=imperial&q=nemuro
